{
  "device": "cpu",
  "device_name": "CPU",
  "config": {
    "num_layers": 8,
    "num_heads": 8,
    "num_kv_heads": 2,
    "head_dim": 64,
    "max_seq_len": 2048,
    "batch_size": 1,
    "dtype": "float32"
  },
  "write_benchmarks": {
    "BHSD (per-layer)": {
      "time_per_write_us": 17.83999992767349,
      "writes_per_sec": 56053.81188644488
    },
    "BSHD (per-layer)": {
      "time_per_write_us": 18.9425001735799,
      "writes_per_sec": 52791.341736121634
    },
    "LBHSD (stacked)": {
      "time_per_write_us": 5.206249770708382,
      "writes_per_sec": 192076.83919166564
    },
    "LBSHD (stacked)": {
      "time_per_write_us": 6.191660067997873,
      "writes_per_sec": 161507.57454670127
    }
  },
  "read_benchmarks": {
    "BHSD (per-layer)_seq128": {
      "time_per_read_us": 34.89374998025596,
      "reads_per_sec": 28658.427385014023,
      "bytes_read": 1048576,
      "bandwidth_gbps": 30.050539153668463
    },
    "BSHD (per-layer)_seq128": {
      "time_per_read_us": 44.083330139983445,
      "reads_per_sec": 22684.31166213106,
      "bytes_read": 1048576,
      "bandwidth_gbps": 23.786224785430736
    },
    "LBHSD (stacked)_seq128": {
      "time_per_read_us": 1.8191701383329928,
      "reads_per_sec": 549701.1955772075,
      "bytes_read": 1048576,
      "bandwidth_gbps": 576.403480853566
    },
    "LBSHD (stacked)_seq128": {
      "time_per_read_us": 2.9133399948477745,
      "reads_per_sec": 343248.6430586524,
      "bytes_read": 1048576,
      "bandwidth_gbps": 359.92228914386953
    },
    "BHSD (per-layer)_seq512": {
      "time_per_read_us": 576.8045800505206,
      "reads_per_sec": 1733.689423742809,
      "bytes_read": 4194304,
      "bandwidth_gbps": 7.271620484762159
    },
    "BSHD (per-layer)_seq512": {
      "time_per_read_us": 564.8387499968521,
      "reads_per_sec": 1770.416778249674,
      "bytes_read": 4194304,
      "bandwidth_gbps": 7.425666174679721
    },
    "LBHSD (stacked)_seq512": {
      "time_per_read_us": 1.722919987514615,
      "reads_per_sec": 580410.0058311718,
      "bytes_read": 4194304,
      "bandwidth_gbps": 2434.416009097707
    },
    "LBSHD (stacked)_seq512": {
      "time_per_read_us": 2.9491697205230594,
      "reads_per_sec": 339078.4847142137,
      "bytes_read": 4194304,
      "bandwidth_gbps": 1422.1982447507653
    },
    "BHSD (per-layer)_seq1024": {
      "time_per_read_us": 570.4625000362284,
      "reads_per_sec": 1752.9636039818442,
      "bytes_read": 8388608,
      "bandwidth_gbps": 14.70492451207093
    },
    "BSHD (per-layer)_seq1024": {
      "time_per_read_us": 629.623340209946,
      "reads_per_sec": 1588.2511592828705,
      "bytes_read": 8388608,
      "bandwidth_gbps": 13.323216380769562
    },
    "LBHSD (stacked)_seq1024": {
      "time_per_read_us": 1.9937497563660145,
      "reads_per_sec": 501567.4594100961,
      "bytes_read": 8388608,
      "bandwidth_gbps": 4207.452802547207
    },
    "LBSHD (stacked)_seq1024": {
      "time_per_read_us": 3.084579948335886,
      "reads_per_sec": 324193.2505395085,
      "bytes_read": 8388608,
      "bandwidth_gbps": 2719.530095021725
    },
    "BHSD (per-layer)_seq2048": {
      "time_per_read_us": 625.9437499102205,
      "reads_per_sec": 1597.587642888727,
      "bytes_read": 16777216,
      "bandwidth_gbps": 26.80307296367504
    },
    "BSHD (per-layer)_seq2048": {
      "time_per_read_us": 623.9574999199249,
      "reads_per_sec": 1602.673259201683,
      "bytes_read": 16777216,
      "bandwidth_gbps": 26.888395447050623
    },
    "LBHSD (stacked)_seq2048": {
      "time_per_read_us": 2.08500016015023,
      "reads_per_sec": 479616.2701147933,
      "bytes_read": 16777216,
      "bandwidth_gbps": 8046.625760830232
    },
    "LBSHD (stacked)_seq2048": {
      "time_per_read_us": 3.0704200617037714,
      "reads_per_sec": 325688.3357663777,
      "bytes_read": 16777216,
      "bandwidth_gbps": 5464.143557833044
    },
    "BHSD (per-layer)_seq4096": {
      "time_per_read_us": 649.8108297819272,
      "reads_per_sec": 1538.9094089669056,
      "bytes_read": 33554432,
      "bandwidth_gbps": 51.63723111734023
    },
    "BSHD (per-layer)_seq4096": {
      "time_per_read_us": 609.3441598932259,
      "reads_per_sec": 1641.1086965619363,
      "bytes_read": 33554432,
      "bandwidth_gbps": 55.066470163396126
    },
    "LBHSD (stacked)_seq4096": {
      "time_per_read_us": 1.6908301040530205,
      "reads_per_sec": 591425.4765176823,
      "bytes_read": 33554432,
      "bandwidth_gbps": 19844.94593488017
    },
    "LBSHD (stacked)_seq4096": {
      "time_per_read_us": 2.606670022942126,
      "reads_per_sec": 383631.2196015162,
      "bytes_read": 33554432,
      "bandwidth_gbps": 12872.527671196143
    }
  },
  "attention_benchmarks": {
    "BHSD (per-layer)_seq512": {
      "time_per_layer_ms": 0.23404218754876638,
      "total_time_ms": 1.872337500390131,
      "layers_per_sec": 4272.7339479837765
    },
    "BSHD (per-layer)_seq512": {
      "time_per_layer_ms": 0.2459731749695493,
      "total_time_ms": 1.9677853997563943,
      "layers_per_sec": 4065.483970452456
    },
    "LBHSD (stacked)_seq512": {
      "time_per_layer_ms": 0.17492265615146607,
      "total_time_ms": 1.3993812492117286,
      "layers_per_sec": 5716.812344388922
    },
    "LBSHD (stacked)_seq512": {
      "time_per_layer_ms": 0.16958203123067506,
      "total_time_ms": 1.3566562498454005,
      "layers_per_sec": 5896.851174283574
    },
    "BHSD (per-layer)_seq2048": {
      "time_per_layer_ms": 0.3247315124099259,
      "total_time_ms": 2.5978520992794074,
      "layers_per_sec": 3079.467072901895
    },
    "BSHD (per-layer)_seq2048": {
      "time_per_layer_ms": 0.3165825499308994,
      "total_time_ms": 2.5326603994471952,
      "layers_per_sec": 3158.7337969773457
    },
    "LBHSD (stacked)_seq2048": {
      "time_per_layer_ms": 0.23918828137539094,
      "total_time_ms": 1.9135062510031275,
      "layers_per_sec": 4180.806828201433
    },
    "LBSHD (stacked)_seq2048": {
      "time_per_layer_ms": 0.23660521237616194,
      "total_time_ms": 1.8928416990092956,
      "layers_per_sec": 4226.449578000718
    }
  }
}