{
  "device": "cpu",
  "device_name": "CPU",
  "config": {
    "num_layers": 8,
    "num_heads": 8,
    "num_kv_heads": 2,
    "head_dim": 64,
    "max_seq_len": 2048,
    "batch_size": 1,
    "dtype": "float32"
  },
  "write_benchmarks": {
    "BHSD (per-layer)": {
      "time_per_write_us": 18.33332993555814,
      "writes_per_sec": 54545.46465453964
    },
    "BSHD (per-layer)": {
      "time_per_write_us": 20.253749971743673,
      "writes_per_sec": 49373.57286404324
    },
    "LBHSD (stacked)": {
      "time_per_write_us": 5.326249811332673,
      "writes_per_sec": 187749.3612620831
    },
    "LBSHD (stacked)": {
      "time_per_write_us": 6.336249934975058,
      "writes_per_sec": 157822.05725190297
    }
  },
  "read_benchmarks": {
    "BHSD (per-layer)_seq128": {
      "time_per_read_us": 37.6887500169687,
      "reads_per_sec": 26533.116634267986,
      "bytes_read": 1048576,
      "bandwidth_gbps": 27.82198930789419
    },
    "BSHD (per-layer)_seq128": {
      "time_per_read_us": 49.69375004293397,
      "reads_per_sec": 20123.25491910006,
      "bytes_read": 1048576,
      "bandwidth_gbps": 21.100762150050265
    },
    "LBHSD (stacked)_seq128": {
      "time_per_read_us": 2.0004098769277334,
      "reads_per_sec": 499897.55176365084,
      "bytes_read": 1048576,
      "bandwidth_gbps": 524.180575238122
    },
    "LBSHD (stacked)_seq128": {
      "time_per_read_us": 3.325830039102584,
      "reads_per_sec": 300676.8199946357,
      "bytes_read": 1048576,
      "bandwidth_gbps": 315.28249720269514
    },
    "BHSD (per-layer)_seq512": {
      "time_per_read_us": 630.3754198597744,
      "reads_per_sec": 1586.3562703990706,
      "bytes_read": 4194304,
      "bandwidth_gbps": 6.6536604503599035
    },
    "BSHD (per-layer)_seq512": {
      "time_per_read_us": 613.6733401217498,
      "reads_per_sec": 1629.5314373630845,
      "bytes_read": 4194304,
      "bandwidth_gbps": 6.834750225857735
    },
    "LBHSD (stacked)_seq512": {
      "time_per_read_us": 1.8266699044033885,
      "reads_per_sec": 547444.2851384315,
      "bytes_read": 4194304,
      "bandwidth_gbps": 2296.1477549332635
    },
    "LBSHD (stacked)_seq512": {
      "time_per_read_us": 3.352499916218221,
      "reads_per_sec": 298284.86949763965,
      "bytes_read": 4194304,
      "bandwidth_gbps": 1251.097421273428
    },
    "BHSD (per-layer)_seq1024": {
      "time_per_read_us": 659.5991700305603,
      "reads_per_sec": 1516.0722533257103,
      "bytes_read": 8388608,
      "bandwidth_gbps": 12.71773583282608
    },
    "BSHD (per-layer)_seq1024": {
      "time_per_read_us": 681.4454201958142,
      "reads_per_sec": 1467.4689569601169,
      "bytes_read": 8388608,
      "bandwidth_gbps": 12.310021832107292
    },
    "LBHSD (stacked)_seq1024": {
      "time_per_read_us": 2.0254202536307275,
      "reads_per_sec": 493724.69649566314,
      "bytes_read": 8388608,
      "bandwidth_gbps": 4141.662938821092
    },
    "LBSHD (stacked)_seq1024": {
      "time_per_read_us": 3.3320800866931677,
      "reads_per_sec": 300112.8346204976,
      "bytes_read": 8388608,
      "bandwidth_gbps": 2517.528925400183
    },
    "BHSD (per-layer)_seq2048": {
      "time_per_read_us": 684.3954199575819,
      "reads_per_sec": 1461.143617913134,
      "bytes_read": 16777216,
      "bandwidth_gbps": 24.513922084750117
    },
    "BSHD (per-layer)_seq2048": {
      "time_per_read_us": 665.0345801608637,
      "reads_per_sec": 1503.6812067097508,
      "bytes_read": 16777216,
      "bandwidth_gbps": 25.22758440011014
    },
    "LBHSD (stacked)_seq2048": {
      "time_per_read_us": 1.793340197764337,
      "reads_per_sec": 557618.6834191568,
      "bytes_read": 16777216,
      "bandwidth_gbps": 9355.289097358813
    },
    "LBSHD (stacked)_seq2048": {
      "time_per_read_us": 3.080829919781536,
      "reads_per_sec": 324587.86302325665,
      "bytes_read": 16777216,
      "bandwidth_gbps": 5445.68068891959
    },
    "BHSD (per-layer)_seq4096": {
      "time_per_read_us": 652.9854101245292,
      "reads_per_sec": 1531.4277845952065,
      "bytes_read": 33554432,
      "bandwidth_gbps": 51.386189461110504
    },
    "BSHD (per-layer)_seq4096": {
      "time_per_read_us": 662.153750017751,
      "reads_per_sec": 1510.2232675918426,
      "bytes_read": 33554432,
      "bandwidth_gbps": 50.67468393722829
    },
    "LBHSD (stacked)_seq4096": {
      "time_per_read_us": 2.0237499848008156,
      "reads_per_sec": 494132.18406937923,
      "bytes_read": 33554432,
      "bandwidth_gbps": 16580.324769367468
    },
    "LBSHD (stacked)_seq4096": {
      "time_per_read_us": 2.6012500165961683,
      "reads_per_sec": 384430.55977700173,
      "bytes_read": 33554432,
      "bandwidth_gbps": 12899.34907675934
    }
  },
  "attention_benchmarks": {
    "BHSD (per-layer)_seq512": {
      "time_per_layer_ms": 0.2580997375844163,
      "total_time_ms": 2.0647979006753303,
      "layers_per_sec": 3874.4712000062827
    },
    "BSHD (per-layer)_seq512": {
      "time_per_layer_ms": 0.2601356813102029,
      "total_time_ms": 2.0810854504816234,
      "layers_per_sec": 3844.1477730520714
    },
    "LBHSD (stacked)_seq512": {
      "time_per_layer_ms": 0.16514192502654623,
      "total_time_ms": 1.3211354002123699,
      "layers_per_sec": 6055.397500297105
    },
    "LBSHD (stacked)_seq512": {
      "time_per_layer_ms": 0.17492005626991158,
      "total_time_ms": 1.3993604501592927,
      "layers_per_sec": 5716.897314833602
    },
    "BHSD (per-layer)_seq2048": {
      "time_per_layer_ms": 0.3304177062091185,
      "total_time_ms": 2.643341649672948,
      "layers_per_sec": 3026.4721932519824
    },
    "BSHD (per-layer)_seq2048": {
      "time_per_layer_ms": 0.7561791626358172,
      "total_time_ms": 6.0494333010865375,
      "layers_per_sec": 1322.437921344322
    },
    "LBHSD (stacked)_seq2048": {
      "time_per_layer_ms": 0.25186666262015933,
      "total_time_ms": 2.0149333009612747,
      "layers_per_sec": 3970.3547488065233
    },
    "LBSHD (stacked)_seq2048": {
      "time_per_layer_ms": 0.252939318670542,
      "total_time_ms": 2.023514549364336,
      "layers_per_sec": 3953.5174098516413
    }
  }
}